[{"inputs": [], "stateMutability": "nonpayable", "type": "constructor"}, {"anonymous": false, "inputs": [{"indexed": false, "internalType": "string", "name": "barcode", "type": "string"}], "name": "ProductRegistered", "type": "event"}, {"anonymous": false, "inputs": [{"indexed": false, "internalType": "string", "name": "barcode", "type": "string"}, {"indexed": false, "internalType": "bool", "name": "isGenuine", "type": "bool"}], "name": "ProductVerified", "type": "event"}, {"inputs": [{"internalType": "string", "name": "_barcode", "type": "string"}], "name": "getProductDetails", "outputs": [{"internalType": "string", "name": "", "type": "string"}], "stateMutability": "view", "type": "function"}, {"inputs": [{"internalType": "string", "name": "_barcode", "type": "string"}], "name": "isProductGenuine", "outputs": [{"internalType": "bool", "name": "", "type": "bool"}], "stateMutability": "view", "type": "function"}, {"inputs": [], "name": "owner", "outputs": [{"internalType": "address", "name": "", "type": "address"}], "stateMutability": "view", "type": "function"}, {"inputs": [{"internalType": "string", "name": "_barcode", "type": "string"}, {"internalType": "string", "name": "_details", "type": "string"}], "name": "registerProduct", "outputs": [], "stateMutability": "nonpayable", "type": "function"}, {"inputs": [{"internalType": "address", "name": "newOwner", "type": "address"}], "name": "transferOwnership", "outputs": [], "stateMutability": "nonpayable", "type": "function"}]